{
  "MONGODB_URI": "MONGODB_URI",
  "redis": {
    "host": "REDIS_HOST"
  },
  "WEB3_URI": "WEB3_URI",
  "WEB3_WS_URI": "WEB3_WS_URI",
  "PORT": "PORT",

  "JWT_SECRET": "JWT_SECRET",
  "APP_SECRET": "APP_SECRET",
  "SENDGRID_API_KEY": "SENDGRID_API_KEY",
  "SLACK_WEBHOOK_URL": "SLACK_WEBHOOK_URL",
  "BASE_URL": "BASE_URL",
  "CLIENT_URL": "CLIENT_URL",

  "RE_CAPTCHA_SECRET": "RE_CAPTCHA_SECRET",
  "TOMOMASTER_API_URL": "TOMOMASTER_API_URL",
  "twitter": {
    "consumer_key": "TWITTER_CONSUMER_KEY",
    "consumer_secret": "TWITTER_CONSUMER_SECRET",
    "access_token_key": "TWITTER_ACCESS_TOKEN_KEY",
    "access_token_secret": "TWITTER_ACCESS_TOKEN_SECRET"
  }
}
