{
  "APP_ENV": "prod",
  "MONGODB_URI": "mongodb://localhost:27017/tomoscan",
  "MONGODB_DEX_URI": "mongodb://localhost:27017/tomodex",
  "logs": {
    "level": "info"
  },
  "ELASTICSEARCH": "http://localhost:9200",
  "GetDataFromElasticSearch": false,
  "MaxBlockIndex": 16500000,
  "redis": {
    "host": "redis",
    "port": 6379,
    "password": null,
    "prefix": "TomoScan"
  },
  "rabbitmq": {
    "hostname": "localhost",
    "port": 5672

  },
  "TOMODEX_API": "https://dex.tomochain.com/",
  "RELAYER_API": "https://relayer.tomochain.com/",

  "WEB3_URI": "http://fullnode_tomoscan01:8545",
  "WEB3_WS_URI": "ws://fullnode_tomoscan01:8546",
  "DEBUG_QUERY": false,

  "BASE_UNIT": "TOMO",
  "PORT": 3333,
  "DEBUG": "express:*",

  "SENDER_EMAIL": "contact@tomochain.com",

  "BASE_URL": "https://scan.tomochain.com/",
  "CLIENT_URL": "http://localhost:3000/",
  "TOMOMASTER_API_URL": "https://master.tomochain.com",

  "BLOCK_PER_EPOCH": 900,
  "REWARD": 250,
  "MASTER_NODE_REWARD_PERCENT": 40,
  "FOUNDATION_REWARD_PERCENT": 10,
  "VOTER_REWARD_PERCENT": 50,
  "LIMITED_RECORDS": 10000,

  "RE_CAPTCHA_SECRET": "RE_CAPTCHA_SECRET",
  "twitter": {
    "consumer_key": "",
    "consumer_secret": "",
    "access_token_key": "",
    "access_token_secret": ""
  },

  "TOMOISSUER": ""
}
